query,variant,total_bytes_processed,total_bytes_billed,total_slot_ms,elapsed_ms,cost_usd,cache_hit
q01,a_raw,136386496,137363456,2850,1310,0.000781,False
q01,b_part_day,3409662,10485760,420,640,6e-05,False
q01,c_after_mv,3409662,10485760,400,620,6e-05,False
q01,c_part_day_clust,3409662,10485760,395,610,6e-05,False
q01,d_part_month_clust,3409662,10485760,410,630,6e-05,False
q01,e_mv,70400000,71303168,1150,720,0.000405,False
q02,a_raw,647835856,648019968,18400,2480,0.003684,False
q02,b_part_day,58953062,59768832,3950,1120,0.00034,False
q02,c_part_day_clust,58953062,59768832,3880,1090,0.00034,False
q02,d_part_month_clust,58953062,59768832,3720,1060,0.00034,False
q03,a_raw,545545984,546308096,21300,2710,0.003105,False
q03,b_part_day,43643678,44040192,6840,1430,0.00025,False
q03,c_part_day_clust,43643678,44040192,6610,1390,0.00025,False
q03,d_part_month_clust,43643678,44040192,6550,1380,0.00025,False
q04,a_raw,545545984,546308096,15900,2240,0.003105,False
q04,b_part_day,48553592,49283072,3120,980,0.00028,False
q04,c_part_day_clust,48553592,49283072,3040,960,0.00028,False
q04,d_part_month_clust,48553592,49283072,2980,940,0.00028,False
q05,a_raw,272772992,273678336,9800,1690,0.001556,False
q05,b_part_day,26731753,27262976,2450,870,0.000155,False
q05,c_part_day_clust,26731753,27262976,2380,850,0.000155,False
q05,d_part_month_clust,26731753,27262976,2360,840,0.000155,False
q06,a_raw,272772992,273678336,4100,1180,0.001556,False
q06,b_part_day,26731753,27262976,980,610,0.000155,False
q06,c_part_day_clust,26731753,27262976,950,600,0.000155,False
q06,d_part_month_clust,26731753,27262976,940,590,0.000155,False
q07,a_raw,426207800,426770432,6200,1420,0.002426,False
q07,b_part_day,34096624,34603008,860,690,0.000197,False
q07,c_after_mv,1992294,10485760,140,400,6e-05,False
q07,c_part_day_clust,31709860,32505856,780,650,0.000185,False
q07,d_part_month_clust,12274784,12582912,510,540,7.2e-05,False
q07,e_mv,1992294,10485760,120,380,6e-05,False
q08,a_raw,1619589640,1620049920,7900,2950,0.009209,False
q08,b_part_day,1619589640,1620049920,8400,3380,0.009209,False
q08,c_part_day_clust,1571001950,1571815424,7600,3010,0.008935,False
q08,d_part_month_clust,1457630676,1458569216,6900,2720,0.008291,False
q09,a_raw,136386496,137363456,3100,1350,0.000781,False
q09,b_part_day,136386496,137363456,4250,1720,0.000781,False
q09,c_part_day_clust,136386496,137363456,4300,1740,0.000781,False
q09,d_part_month_clust,136386496,137363456,3350,1410,0.000781,False
